Keyword,Search Volume,Difficulty,Time to Rank,Priority,Phase,Device,Location,Category,Landing Page Required,Notes
cash for 4wd sydney,20,9,1-2 months,critical,1,mobile,Sydney NSW,Already Tracking,No,Already ranking position 2 - maintain
cash for utes sydney,20,6,1-2 months,critical,1,mobile,Sydney NSW,Already Tracking,No,Already ranking position 4 - maintain
instant auto quote,90,54,6-9 months,critical,1,both,Sydney NSW,Brand Protection,No,Already tracking - in AI overview
instant car sales,170,6,URGENT FIX,critical,1,both,Sydney NSW,Brand Protection,Yes,DROPPED 24 positions - fix now
sydney car buyers,50,36,URGENT FIX,critical,1,both,Sydney NSW,Brand Protection,Yes,De-indexed - restore immediately
instant offer,720,11,3-4 months,critical,1,both,Sydney NSW,Brand Protection,No,Already tracking position 42
instant auto traders reviews,110,15,2-3 months,critical,1,both,Sydney NSW,Brand Protection,Yes,Reputation management page needed
instant auto traders sydney,170,10,1-2 months,critical,1,mobile,Sydney NSW,Brand Protection,Yes,Local brand term
instant cash for cars sydney,720,25,4-6 months,critical,1,mobile,Sydney NSW,Brand Protection,Yes,High volume brand term
instant car buyers sydney,480,20,3-4 months,critical,1,mobile,Sydney NSW,Brand Protection,Yes,Category + brand
instant car valuation sydney,210,18,2-3 months,critical,1,mobile,Sydney NSW,Brand Protection,Yes,Service page needed
instant car removal sydney,390,22,3-4 months,critical,1,mobile,Sydney NSW,Brand Protection,Yes,Service + brand

sell damaged car sydney,590,35,3-6 months,critical,2,mobile,Sydney NSW,Condition,Yes,High conversion - priority page
cash for broken cars,480,32,3-6 months,critical,2,both,Sydney NSW,Condition,Yes,High conversion term
cash for cars any condition,720,40,6-9 months,critical,2,both,Sydney NSW,Condition,Yes,USP keyword - critical page
sell old car sydney,880,38,6-9 months,critical,2,mobile,Sydney NSW,Condition,Yes,High volume condition term
cash for scrap cars sydney,390,30,3-6 months,high,2,mobile,Sydney NSW,Condition,Yes,End of life vehicles
cash for accident cars,390,33,4-6 months,high,2,both,Sydney NSW,Condition,Yes,Insurance writeoffs
sell non running car sydney,320,28,3-6 months,high,2,mobile,Sydney NSW,Condition,Yes,Specific condition page
cash for cars not running,480,35,4-6 months,high,2,both,Sydney NSW,Condition,No,Combine with non-running page
cash for written off cars,390,34,4-6 months,high,2,both,Sydney NSW,Condition,Yes,Insurance claims focus
sell unregistered car sydney,260,26,3-5 months,high,2,mobile,Sydney NSW,Condition,Yes,Common issue - good content opportunity
cash for cars no rego,320,28,3-5 months,high,2,both,Sydney NSW,Condition,No,Combine with unregistered page
sell car with mechanical problems,320,30,4-6 months,high,2,both,Sydney NSW,Condition,Yes,Repair avoidance angle
sell junk car sydney,260,27,3-5 months,medium,3,mobile,Sydney NSW,Condition,No,Combine with scrap page

sell toyota hilux sydney,590,45,6-9 months,critical,2,mobile,Sydney NSW,Model,Yes,Top selling ute - must have page
cash for ford ranger,480,42,6-9 months,critical,2,mobile,Sydney NSW,Model,Yes,Top selling ute #2
cash for toyota camry,390,40,6-9 months,high,2,mobile,Sydney NSW,Model,Yes,Top selling sedan
sell mazda cx5 sydney,320,38,6-9 months,high,3,mobile,Sydney NSW,Model,Yes,Top selling SUV
sell nissan navara sydney,260,36,6-9 months,high,3,mobile,Sydney NSW,Model,No,Combine with utes page
cash for mitsubishi triton,210,35,6-9 months,medium,3,mobile,Sydney NSW,Model,No,Combine with utes page
sell mazda 3 sydney,210,34,6-9 months,medium,3,mobile,Sydney NSW,Model,No,Create general hatch page
cash for holden commodore,320,32,4-6 months,high,3,mobile,Sydney NSW,Model,Yes,Iconic Australian - nostalgia value
sell BMW sydney,210,44,9-12 months,medium,4,mobile,Sydney NSW,Premium,Yes,High value segment
cash for toyota rav4,280,38,6-9 months,high,3,mobile,Sydney NSW,Model,No,Combine with SUV page

car buyers parramatta,260,39,6-9 months,critical,2,mobile,Parramatta NSW,Geographic,Yes,Major suburb - must have
cash for cars liverpool,210,36,6-9 months,high,3,mobile,Liverpool NSW,Geographic,Yes,Major suburb
sell car penrith,170,34,6-9 months,high,3,mobile,Penrith NSW,Geographic,Yes,Major suburb
car buyers blacktown,140,33,6-9 months,high,3,mobile,Blacktown NSW,Geographic,No,Combine with Western Sydney page
car buyers campbelltown,110,32,6-9 months,medium,3,mobile,Campbelltown NSW,Geographic,No,Combine with Western Sydney page
car buyers western sydney,260,38,6-9 months,critical,2,mobile,Western Sydney NSW,Geographic,Yes,Regional page covering multiple suburbs
car buyers newcastle,480,42,9-12 months,high,3,mobile,Newcastle NSW,Regional,Yes,Major regional city
cash for cars central coast,390,40,9-12 months,high,3,mobile,Central Coast NSW,Regional,Yes,Growth region
sell car wollongong,320,38,9-12 months,medium,4,mobile,Wollongong NSW,Regional,Yes,Major regional city
cash for cars northern beaches,170,35,9-12 months,medium,4,mobile,Northern Beaches NSW,Geographic,No,Combine with main Sydney page
sell car eastern suburbs,140,33,9-12 months,medium,4,mobile,Eastern Suburbs NSW,Geographic,No,Combine with main Sydney page

car removal sydney,1900,62,12-18 months,high,3,both,Sydney NSW,Service,Yes,Massive volume but very competitive
free car removal sydney,880,58,12-18 months,high,3,both,Sydney NSW,Service,No,Combine with car removal page
car valuation sydney,720,55,12-18 months,high,3,both,Sydney NSW,Service,Yes,Tool/calculator page needed
sell car for cash,720,48,9-12 months,medium,4,both,Sydney NSW,Process,No,Generic - focus on local variant
sell car sydney,880,52,12-18 months,high,3,mobile,Sydney NSW,Geographic,Yes,Core local keyword
car buying service sydney,320,40,6-9 months,high,3,mobile,Sydney NSW,Service,Yes,Service category page
car valuation online sydney,390,42,6-9 months,high,3,both,Sydney NSW,Service,Yes,Online tool with calculator
sell car online sydney,480,46,9-12 months,medium,4,both,Sydney NSW,Process,No,Same as main page

what is my car worth sydney,880,50,9-12 months,high,3,both,Sydney NSW,Question,Yes,Blog post + calculator tool
how to sell car quickly sydney,260,35,4-6 months,high,2,both,Sydney NSW,Question,Yes,Blog post - featured snippet opportunity
who buys cars for cash sydney,260,38,6-9 months,medium,3,mobile,Sydney NSW,Question,No,Content page not keyword target
how much is my car worth instant quote,590,44,6-9 months,high,3,both,Sydney NSW,Question,Yes,Quote tool page
sell my car instant quote,590,38,4-6 months,critical,2,both,Sydney NSW,Process,Yes,Key conversion page
sell car today sydney,320,36,4-6 months,high,2,mobile,Sydney NSW,Urgent,Yes,Same-day service page
sell car with loan owing,320,32,3-6 months,critical,2,both,Sydney NSW,Situation,Yes,Common situation - high intent
sell financed car sydney,260,30,3-6 months,high,2,mobile,Sydney NSW,Situation,No,Combine with loan owing page
sell car before moving overseas,170,28,4-6 months,medium,3,both,Sydney NSW,Situation,Yes,Specific situation - good content

cash for utes,30,5,1-2 months,critical,1,mobile,Sydney NSW,Vehicle Type,Yes,Your winning term - already have page
sell your ute,0,17,2-3 months,high,1,mobile,Sydney NSW,Vehicle Type,No,Already tracking
easy car buyers,50,14,3-4 months,medium,2,both,Sydney NSW,Competitor,No,Already tracking - maintain
cash for 4wd,110,22,3-6 months,high,2,mobile,Sydney NSW,Vehicle Type,No,Combine with 4wd sydney page
sell luxury car sydney,170,36,6-9 months,medium,3,mobile,Sydney NSW,Vehicle Type,Yes,High value segment
sell hybrid car sydney,210,34,6-9 months,medium,3,mobile,Sydney NSW,Vehicle Type,Yes,Growing market
cash for electric cars sydney,170,38,9-12 months,medium,4,mobile,Sydney NSW,Vehicle Type,Yes,Future-proofing for EV market
sell diesel car sydney,260,32,6-9 months,medium,3,mobile,Sydney NSW,Vehicle Type,No,Fuel type page
sell van sydney,110,30,4-6 months,high,2,mobile,Sydney NSW,Vehicle Type,Yes,Trade vehicles - B2C
commercial vehicle buyers sydney,140,35,6-9 months,high,3,mobile,Sydney NSW,Vehicle Type,Yes,B2B opportunity

quick car sale,40,20,2-4 months,high,2,both,Sydney NSW,Core Service,No,Alternative phrasing - use in content
fast cash for cars,110,28,3-6 months,medium,3,both,Sydney NSW,Core Service,No,Use in existing content
urgent car sale,90,24,3-5 months,medium,3,both,Sydney NSW,Core Service,No,Urgency angle in content
sell car bad credit,140,26,3-6 months,medium,3,both,Sydney NSW,Situation,Yes,Financial situation page
cash for cars sydney,1300,65,18-24 months,medium,4,both,Sydney NSW,Core Service,Yes,Generic but very competitive
sell car needing repairs,260,30,4-6 months,high,2,both,Sydney NSW,Condition,No,Combine with mechanical problems page

instant car offer,480,18,2-4 months,critical,1,both,Sydney NSW,Brand Protection,No,Already tracking - position 25
car instant offer,260,20,2-4 months,critical,1,both,Sydney NSW,Brand Protection,No,Already tracking
instant car quote,90,5,1-2 months,critical,1,both,Sydney NSW,Brand Protection,No,Already tracking
instant offer car sales,210,14,2-3 months,high,2,both,Sydney NSW,Brand Protection,No,Already tracking
instant purchase,40,24,3-4 months,medium,2,both,Sydney NSW,Brand Protection,No,Already tracking
instant sell car,70,15,2-3 months,high,2,both,Sydney NSW,Brand Protection,No,Already tracking
sell car instant offer,90,5,2-3 months,high,2,both,Sydney NSW,Brand Protection,No,Already tracking
car instant quote,50,23,3-4 months,medium,2,both,Sydney NSW,Brand Protection,No,Already tracking
instant offer for my car,110,17,2-3 months,high,2,both,Sydney NSW,Brand Protection,No,Already tracking
car instant offer,260,16,2-3 months,high,2,both,Sydney NSW,Brand Protection,No,Already tracking
sell my car instant offer,170,8,2-3 months,high,2,both,Sydney NSW,Brand Protection,No,Already tracking
instant offer for car,70,10,2-3 months,medium,2,both,Sydney NSW,Brand Protection,No,Already tracking
instant offer on my car,70,10,2-3 months,medium,2,both,Sydney NSW,Brand Protection,No,Already tracking
sell a car instantly,40,17,3-4 months,medium,3,both,Sydney NSW,Brand Protection,No,Already tracking
instant car price quote,30,47,6-9 months,low,4,both,Sydney NSW,Brand Protection,No,Already tracking
quick car sale,40,22,3-4 months,medium,3,both,Sydney NSW,Core Service,No,Already tracking
